Inventory ID,Product ID,Location ID,Current Stock Quantity,Reorder Level,Maximum Stock Level,Safety Stock,Last Movement Date,Unit Cost at Location
INV-00001,RAW-CER-108,OSA-002,3844,164,3454,355,07-03-2025,1384.46
INV-00002,PLA-LIG-138,BAN-001,4321,688,3990,467,03-09-2025,324.35
INV-00003,RAW-SHE-075,BER-001,112,729,4445,223,27-06-2025,1189.17
INV-00004,MEC-WAS-107,HYD-003,801,636,6992,284,18-02-2025,535.45
INV-00005,PAC-PAP-135,FRA-003,4256,905,5079,383,02-06-2025,2332.8
INV-00006,QUA-TES-100,RIO-002,3951,144,5603,298,05-07-2025,718
INV-00007,QUA-MUL-065,NAG-003,233,465,6229,134,30-04-2025,24.68
INV-00008,MEC-PIN-062,NAG-003,949,890,5383,476,27-04-2025,963.76
INV-00009,QUA-IMP-035,BAN-001,2986,659,4386,429,17-03-2025,2053.14
INV-00010,CAB-CLU-213,SAO-001,3906,812,4960,423,19-03-2025,827.02
INV-00011,QUA-SUR-208,HYD-003,616,833,6179,334,02-10-2025,1658.23
INV-00012,QUA-THE-076,NEW-001,458,910,3817,121,22-04-2025,648.05
INV-00013,BRA-BRA-080,FRA-003,3362,934,5224,342,04-06-2025,1336.54
INV-00014,PLA-SWI-010,SAO-001,1665,392,4462,499,13-02-2025,1744.51
INV-00015,RAW-PVC-168,DAL-003,2338,227,6274,288,23-05-2025,167.41
INV-00016,TOO-PUN-103,NAG-003,3702,495,4388,195,06-08-2025,2029.74
INV-00017,PAC-HON-178,MUN-002,3109,916,5126,236,22-02-2025,1915.24
INV-00018,CAB-AC-187,BER-001,746,540,5467,192,20-06-2025,1718.38
INV-00019,QUA-THE-076,DAL-003,940,181,4343,438,17-04-2025,648.05
INV-00020,RAW-TEX-079,MUN-002,3590,270,5825,327,05-01-2025,1933.48
INV-00021,TOO-WEL-115,BAN-001,2988,729,4781,240,14-07-2025,1354.55
INV-00022,PAC-COR-203,BAN-001,714,787,5611,307,05-05-2025,461.7
INV-00023,MEC-STU-132,SAO-001,1410,131,3584,411,24-07-2025,1933.96
INV-00024,QUA-DIA-201,MUN-002,385,229,3275,220,16-07-2025,2323.42
INV-00025,PLA-INS-094,DAL-003,3236,680,3132,409,03-12-2025,636
INV-00026,PAC-THE-174,MUN-002,3138,480,4818,490,20-02-2025,257.39
INV-00027,QUA-MIC-147,HYD-003,4437,475,4630,260,17-07-2025,740.49
INV-00028,RAW-COP-072,NEW-001,1029,126,6013,195,06-08-2025,1181.06
INV-00029,ELE-RAD-133,BER-001,4701,220,4072,496,04-08-2025,2053.17
INV-00030,MEC-CRA-181,MUN-002,1857,726,4169,455,06-06-2025,2167.46
INV-00031,PLA-DOO-052,DEL-002,1211,973,3303,331,17-03-2025,1041.96
INV-00032,RAW-BRA-183,MUN-002,819,929,5793,263,21-07-2025,1058.19
INV-00033,CAB-THR-089,NAG-003,631,663,5220,248,18-04-2025,2370.68
INV-00034,ELE-GPS-218,HYD-003,1526,912,4480,360,30-03-2025,1155.64
INV-00035,BRA-BRA-032,NEW-001,1237,342,6237,352,02-07-2025,71.72
INV-00036,LIG-LED-093,FRA-003,4788,477,4914,382,03-06-2025,1380.47
INV-00037,QUA-COA-157,BRA-003,806,167,4266,303,06-03-2025,2261.35
INV-00038,PAC-PAP-135,BER-001,3454,943,5354,137,03-05-2025,2332.8
INV-00039,LIG-HAL-082,OSA-002,707,560,4908,448,13-06-2025,2402.36
INV-00040,CAB-THR-089,HYD-003,4616,755,5407,193,03-06-2025,2370.68
INV-00041,TOO-HYD-111,FRA-003,553,951,3508,365,03-12-2025,1478.58
INV-00042,TOO-CLA-078,HYD-003,1426,430,6828,463,30-03-2025,2354.26
INV-00043,CAB-THR-089,FRA-003,2426,966,3323,228,23-03-2025,2370.68
INV-00044,ELE-ECU-163,FRA-003,2348,228,5560,255,07-08-2025,744.9
INV-00045,PAC-CLO-137,DEL-002,4217,756,3690,403,29-06-2025,2284.44
INV-00046,PAC-WIR-040,HYD-003,2865,962,6784,388,02-11-2025,2460.75
INV-00047,PAC-EDG-212,RIO-002,332,183,3186,428,28-06-2025,760.53
INV-00048,LIG-GLO-068,OSA-002,1826,885,5343,313,07-09-2025,2299.66
INV-00049,BRA-BRA-164,BAN-001,4179,742,5234,248,15-07-2025,360.48
INV-00050,TOO-CLA-078,MUN-002,2106,924,6306,450,15-05-2025,2354.26
INV-00051,LIG-STE-077,MUN-002,697,805,3245,180,24-05-2025,279.17
INV-00052,MEC-WAS-107,MUN-002,3904,308,4393,410,03-09-2025,535.45
INV-00053,BRA-BRA-081,RIO-002,2715,851,6525,276,14-05-2025,859.67
INV-00054,RAW-LEA-034,SAO-001,3135,627,5300,154,23-04-2025,2147.9
INV-00055,MEC-PIN-062,MUN-002,1103,373,4841,226,03-09-2025,963.76
INV-00056,MEC-CLI-025,BAN-001,2477,493,6539,415,19-05-2025,1064.7
INV-00057,MEC-BOL-064,RIO-002,1408,933,4341,395,22-04-2025,2083.9
INV-00058,LIG-DOO-049,SAO-001,1405,610,5108,339,06-08-2025,221.14
INV-00060,MEC-BUS-118,NEW-001,1862,697,4445,124,13-02-2025,110.18
INV-00061,TOO-TES-073,MUN-002,4994,963,5679,444,06-01-2025,1628.86
INV-00062,PLA-ROO-074,FRA-003,166,967,3440,320,03-07-2025,506.41
INV-00063,LIG-GLO-068,NAG-003,3096,882,4651,287,02-12-2025,2299.66
INV-00064,TOO-PUN-103,BAN-001,4771,675,3797,285,22-06-2025,2029.74
INV-00065,PLA-ROO-074,DEL-002,3264,616,4844,491,21-06-2025,506.41
INV-00066,RAW-COP-072,RIO-002,1073,231,6993,149,05-12-2025,1181.06
INV-00067,BRA-BRA-096,SAO-001,2877,671,6845,287,03-09-2025,1849.13
INV-00068,PLA-CUP-051,TOK-001,4270,511,5048,120,02-12-2025,376.91
INV-00069,PLA-SWI-010,HYD-003,2828,923,4940,365,28-05-2025,1744.51
INV-00070,CAB-POW-039,TOK-001,4323,243,4343,413,23-04-2025,1495.46
INV-00071,LIG-IND-042,BER-001,2551,707,4377,359,06-11-2025,184.23
INV-00072,PAC-CLO-137,MUN-002,4711,406,4945,108,05-06-2025,2284.44
INV-00073,TOO-CAB-085,OSA-002,997,526,5390,257,27-07-2025,2078.52
INV-00074,ELE-KNO-162,BAN-001,4989,585,4087,435,29-06-2025,2284.58
INV-00075,PAC-CAR-148,NEW-001,520,697,4967,187,15-06-2025,1036.01
INV-00076,ELE-KNO-162,NAG-003,3214,251,6365,448,04-04-2025,2284.58
INV-00077,PAC-CAB-009,TOK-001,1000,295,3077,325,22-04-2025,15.37
INV-00078,RAW-CER-108,HYD-003,3482,807,3835,310,06-09-2025,1384.46
INV-00079,BRA-BRA-199,TOK-001,3963,993,6474,476,16-02-2025,1210.65
INV-00080,MEC-CRA-181,HYD-003,4349,312,5297,266,20-07-2025,2167.46
INV-00081,PAC-SIL-123,FRA-003,3186,421,6918,188,29-05-2025,1016.4
INV-00082,PAC-CLO-137,DAL-003,4575,462,5768,495,25-07-2025,2284.44
INV-00083,BRA-BRA-165,SAO-001,2265,724,4983,198,04-05-2025,1978.8
INV-00084,RAW-COP-072,FRA-003,2545,330,6856,252,15-04-2025,1181.06
INV-00085,MEC-CRA-181,NEW-001,4105,424,4965,278,24-06-2025,2167.46
INV-00086,QUA-PRE-204,NAG-003,2340,394,3499,393,24-07-2025,1855.01
INV-00087,PAC-SEA-140,BER-001,3332,938,4413,495,03-10-2025,2178.62
INV-00088,RAW-SHE-075,BAN-001,2456,831,3323,277,25-05-2025,1189.17
INV-00089,RAW-PVC-168,CHI-002,4024,319,3827,375,04-11-2025,167.41
INV-00090,RAW-FOA-144,NAG-003,2325,240,3447,415,07-01-2025,1714.15
INV-00091,MEC-PIN-062,NEW-001,515,785,6707,371,30-03-2025,963.76
INV-00092,BRA-BRA-164,NEW-001,530,202,4692,269,06-01-2025,360.48
INV-00093,TOO-HAM-026,OSA-002,1226,105,6950,381,13-03-2025,1596.41
INV-00094,QUA-FLO-105,OSA-002,3996,588,5664,202,15-04-2025,1131.78
INV-00095,RAW-POL-083,CHI-002,584,887,3366,433,27-06-2025,448.58
INV-00096,CAB-CHO-060,FRA-003,405,279,4711,190,02-10-2025,1105.28
INV-00097,ELE-RAI-215,BER-001,4158,290,6836,483,16-04-2025,2155.79
INV-00098,PLA-SWI-010,BAN-001,2544,681,5468,154,27-04-2025,1744.51
INV-00100,MEC-PUL-120,CHI-002,1679,928,3461,269,14-03-2025,1180.33
INV-00101,BRA-CAL-188,MUN-002,2207,835,3762,107,28-04-2025,812.06
INV-00102,PAC-COR-203,CHI-002,4751,790,6101,198,17-03-2025,461.7
INV-00103,QUA-COA-157,RIO-002,3421,946,4751,363,25-04-2025,2261.35
INV-00104,ELE-PAR-023,BER-001,881,289,3575,344,24-04-2025,1516.03
INV-00105,MEC-BOL-064,BAN-001,2236,492,3964,328,04-10-2025,2083.9
INV-00106,TOO-CAB-085,CHI-002,4871,840,5346,105,04-08-2025,2078.52
INV-00108,RAW-TEX-079,HYD-003,3421,802,5058,460,21-04-2025,1933.48
INV-00109,RAW-STA-177,DEL-002,2516,476,5517,213,29-03-2025,840.44
INV-00110,QUA-IMP-035,MUN-002,1354,565,6062,410,05-07-2025,2053.14
INV-00111,MEC-WAS-107,NAG-003,4599,582,6102,375,21-07-2025,535.45
INV-00112,PAC-EDG-212,NEW-001,2127,796,6091,405,21-02-2025,760.53
INV-00113,PAC-PAP-135,MUN-002,4426,820,4481,139,25-06-2025,2332.8
INV-00114,RAW-FIB-029,BAN-001,4586,617,3828,393,18-06-2025,777.56
INV-00115,CAB-POW-039,HYD-003,2787,974,5131,326,03-02-2025,1495.46
INV-00116,ELE-CON-175,NEW-001,4877,600,3372,361,26-05-2025,696.94
INV-00117,QUA-SUR-208,BAN-001,3814,235,5102,312,28-05-2025,1658.23
INV-00118,PLA-BEZ-145,BAN-001,4677,573,5755,257,02-06-2025,2446.06
INV-00119,MEC-HIN-102,CHI-002,124,863,3892,396,19-02-2025,1234.45
INV-00120,ELE-SEN-012,BER-001,2922,817,3261,377,16-02-2025,134.85
INV-00121,CAB-STE-018,BRA-003,3967,132,4175,309,19-03-2025,1151.13
INV-00122,BRA-PAR-197,HYD-003,3543,483,6650,295,26-05-2025,890.46
INV-00123,LIG-HIG-097,BER-001,757,799,6949,438,19-06-2025,747.65
INV-00124,QUA-IMP-035,OSA-002,2948,221,3731,375,05-12-2025,2053.14
INV-00125,LIG-PRO-136,HYD-003,1924,954,3014,487,02-06-2025,2141.47
INV-00127,MEC-BOL-064,MUN-002,2935,258,4129,196,03-01-2025,2083.9
INV-00128,PAC-CAB-009,SAO-001,3534,729,6137,108,04-03-2025,15.37
INV-00129,RAW-ALU-053,DEL-002,926,708,3137,328,07-04-2025,1005.14
INV-00130,QUA-HEI-173,NAG-003,498,350,6033,122,14-05-2025,1728.8
INV-00131,BRA-CAL-113,NEW-001,4521,322,6089,497,15-02-2025,158.5
INV-00132,PAC-AIR-036,FRA-003,2469,339,6341,474,28-06-2025,490.89
INV-00133,LIG-HAL-082,TOK-001,4998,891,5754,264,04-02-2025,2402.36
INV-00134,TOO-CLA-078,BRA-003,1273,776,5135,213,17-05-2025,2354.26
INV-00135,LIG-STE-077,CHI-002,599,670,6885,402,17-03-2025,279.17
INV-00136,CAB-ABS-161,OSA-002,3599,669,5030,124,30-04-2025,447.34
INV-00137,BRA-BRA-165,OSA-002,3222,904,5148,263,29-07-2025,1978.8
INV-00138,MEC-WAS-107,BER-001,1322,407,4541,194,18-06-2025,535.45
INV-00139,QUA-MEA-122,NEW-001,1946,407,6512,462,03-09-2025,1142.52
INV-00140,BRA-BRA-207,MUN-002,572,675,4690,313,23-06-2025,401.95
INV-00142,LIG-ROO-166,DEL-002,3784,967,4519,147,18-06-2025,1685.34
INV-00143,MEC-BEA-186,RIO-002,1660,152,4099,293,23-07-2025,2410.43
INV-00144,PLA-SPE-155,TOK-001,423,994,3298,196,07-01-2025,2481.8
INV-00145,MEC-BEA-186,OSA-002,4678,322,4963,206,27-04-2025,2410.43
INV-00147,PAC-STR-192,SAO-001,4023,348,5849,409,31-07-2025,2221.35
INV-00148,RAW-ALU-053,BER-001,2060,665,4317,497,14-04-2025,1005.14
INV-00149,PLA-WHE-098,MUN-002,4471,764,4471,257,04-08-2025,1340
INV-00151,QUA-CAL-195,RIO-002,2723,308,4518,260,17-05-2025,2081.11
INV-00152,ELE-SEN-012,TOK-001,1912,859,3597,108,04-08-2025,134.85
INV-00153,ELE-ABS-142,BRA-003,4884,693,5949,313,17-04-2025,2132.33
INV-00154,PAC-WIR-040,NEW-001,2802,335,4555,391,04-04-2025,2460.75
INV-00155,TOO-PRE-128,FRA-003,2865,363,6126,350,15-07-2025,2480.72
INV-00156,MEC-ANC-190,MUN-002,3875,272,6001,280,16-03-2025,744.3
INV-00157,PAC-AIR-036,NAG-003,4577,600,3753,377,15-07-2025,490.89
INV-00158,BRA-BRA-016,FRA-003,377,959,6468,138,22-07-2025,1677.62
INV-00159,CAB-WIN-013,SAO-001,152,522,3563,422,04-01-2025,209.48
INV-00160,CAB-STE-018,NAG-003,1337,109,3895,358,28-05-2025,1151.13
INV-00161,BRA-BRA-096,BAN-001,4058,775,4998,108,02-02-2025,1849.13
INV-00162,PAC-CLO-137,FRA-003,3469,112,3068,371,04-12-2025,2284.44
INV-00163,PLA-LIG-138,CHI-002,240,614,6330,457,23-07-2025,324.35
INV-00164,TOO-HYD-111,SAO-001,1568,209,6760,149,15-06-2025,1478.58
INV-00165,CAB-POW-039,NEW-001,1672,734,5156,229,05-02-2025,1495.46
INV-00166,TOO-BEA-069,SAO-001,3351,180,4528,307,29-05-2025,219.03
INV-00167,PLA-BEZ-145,NEW-001,1950,407,5801,141,18-07-2025,2446.06
INV-00168,QUA-WEI-220,OSA-002,359,195,4660,294,05-08-2025,995.46
INV-00169,ELE-ABS-142,MUN-002,559,752,3038,459,16-03-2025,2132.33
INV-00170,QUA-COL-022,MUN-002,3654,760,6212,269,25-06-2025,297.42
INV-00171,QUA-WEI-220,DEL-002,4426,143,3941,208,28-07-2025,995.46
INV-00172,BRA-BRA-146,MUN-002,2320,147,6785,138,26-07-2025,1738.06
INV-00173,RAW-COP-072,BRA-003,4548,677,5695,116,18-03-2025,1181.06
INV-00174,ELE-GPS-218,DAL-003,228,312,5404,173,13-05-2025,1155.64
INV-00175,PLA-SID-020,CHI-002,1430,677,3984,390,05-11-2025,930.12
INV-00176,PAC-THE-174,BRA-003,4528,439,4572,486,03-08-2025,257.39
INV-00177,PAC-COR-203,NAG-003,742,612,6053,277,14-02-2025,461.7
INV-00178,TOO-HAM-026,BER-001,2001,958,3311,274,07-05-2025,1596.41
INV-00179,BRA-PAR-197,TOK-001,4979,506,6968,496,25-04-2025,890.46
INV-00180,PAC-BUB-008,OSA-002,2339,902,4845,351,31-03-2025,1208.58
INV-00181,TOO-TOR-092,FRA-003,3175,542,3760,448,30-06-2025,1663.26
INV-00182,TOO-SCR-170,BER-001,802,890,5533,251,04-05-2025,252.01
INV-00183,RAW-BRA-183,DEL-002,772,374,3631,294,13-07-2025,1058.19
INV-00184,PAC-WIR-040,NAG-003,3291,424,4477,154,24-02-2025,2460.75
INV-00185,BRA-WHE-002,CHI-002,3743,468,6118,238,27-02-2025,1172.89
INV-00186,RAW-LEA-034,DEL-002,1635,541,4838,385,23-06-2025,2147.9
INV-00187,MEC-STU-132,BER-001,946,126,3367,281,22-06-2025,1933.96
INV-00188,LIG-NUM-024,TOK-001,4999,903,4328,297,02-04-2025,1226.44
INV-00190,MEC-LOC-063,TOK-001,4368,273,5807,294,16-03-2025,1024.92
INV-00191,PAC-AIR-036,CHI-002,2566,374,5019,174,17-02-2025,490.89
INV-00192,BRA-BRA-043,BER-001,2360,531,4227,347,20-02-2025,1802.19
INV-00193,LIG-LED-093,CHI-002,2120,838,5560,353,07-03-2025,1380.47
INV-00194,MEC-FAS-158,NEW-001,3850,209,3554,255,02-02-2025,1595.18
INV-00195,MEC-HIN-102,DAL-003,3212,923,6531,268,24-05-2025,1234.45
INV-00196,QUA-THI-086,BER-001,4969,239,4230,264,07-05-2025,1428.93
INV-00197,PAC-HON-178,NEW-001,4024,421,3727,303,23-04-2025,1915.24
INV-00198,RAW-SHE-075,NAG-003,4122,689,6202,224,25-04-2025,1189.17
INV-00199,LIG-HIG-097,CHI-002,3318,473,3466,388,24-03-2025,747.65
INV-00200,MEC-SHA-152,FRA-003,1573,798,6144,381,02-07-2025,403.36
INV-00201,CAB-AC-187,MUN-002,1817,548,6267,249,28-07-2025,1718.38
INV-00202,CAB-STE-018,RIO-002,3451,789,5045,171,13-07-2025,1151.13
INV-00203,TOO-CLA-078,NEW-001,2169,774,3631,466,20-05-2025,2354.26
INV-00204,PAC-COR-203,BER-001,705,559,5449,345,30-06-2025,461.7
INV-00205,TOO-PUN-103,FRA-003,4250,990,5833,314,20-06-2025,2029.74
INV-00207,BRA-BRA-164,BRA-003,796,211,6149,227,19-07-2025,360.48
INV-00208,PAC-GUM-171,DAL-003,1462,762,5509,122,25-06-2025,933.82
INV-00209,LIG-ROO-166,OSA-002,3373,870,4358,320,28-02-2025,1685.34
INV-00210,PAC-PAC-003,DEL-002,2219,327,5091,482,13-06-2025,1823.25
INV-00211,CAB-BON-143,TOK-001,4812,326,4825,291,05-12-2025,2182.23
INV-00212,CAB-HEA-119,SAO-001,4921,807,5049,177,30-04-2025,1111.15
INV-00213,CAB-STA-007,MUN-002,956,402,4703,143,03-02-2025,2316.65
INV-00214,CAB-CLU-213,NAG-003,1260,456,4277,275,28-05-2025,827.02
INV-00215,QUA-DIA-201,NEW-001,4368,594,4426,343,25-02-2025,2323.42
INV-00216,BRA-CAL-113,NAG-003,3806,426,3275,253,02-12-2025,158.5
INV-00217,QUA-SUR-208,NAG-003,1042,123,6478,275,16-07-2025,1658.23
INV-00218,LIG-INS-028,OSA-002,1446,858,3999,364,17-03-2025,929.35
INV-00219,ELE-ABS-142,HYD-003,2811,673,4746,336,04-01-2025,2132.33
INV-00220,LIG-XEN-205,BER-001,1611,290,5623,436,22-05-2025,946.72
INV-00221,MEC-HIN-102,BAN-001,1716,560,5425,319,05-11-2025,1234.45
INV-00222,BRA-WHE-002,NAG-003,1859,310,4140,485,31-07-2025,1172.89
INV-00223,QUA-SUR-208,SAO-001,612,691,3416,374,20-03-2025,1658.23
INV-00225,ELE-SPE-126,FRA-003,2667,711,4591,412,05-12-2025,2203.31
INV-00226,TOO-CUT-151,DEL-002,2950,460,6463,334,07-09-2025,1670.43
INV-00227,QUA-HAR-045,RIO-002,2536,729,5417,143,23-07-2025,1665.67
INV-00228,QUA-IMP-035,DAL-003,1065,344,4250,159,19-03-2025,2053.14
INV-00229,BRA-BRA-096,NAG-003,1258,623,4591,314,07-03-2025,1849.13
INV-00230,PAC-AIR-036,TOK-001,3243,533,3760,349,13-07-2025,490.89
INV-00231,PLA-LIG-138,NAG-003,1519,668,3683,350,15-04-2025,324.35
INV-00232,PAC-AIR-036,HYD-003,2677,962,4847,417,14-02-2025,490.89
INV-00233,TOO-TOR-092,BAN-001,4069,239,3799,296,24-06-2025,1663.26
INV-00234,MEC-CHA-130,OSA-002,4154,518,5804,351,18-05-2025,690.83
INV-00235,BRA-DIS-182,RIO-002,3736,600,3685,142,25-06-2025,816.19
INV-00236,PAC-BUB-008,SAO-001,1906,399,3133,240,30-03-2025,1208.58
INV-00238,MEC-HOO-141,FRA-003,1027,686,3467,237,20-06-2025,2423.32
INV-00239,TOO-SPA-211,DAL-003,4540,942,6099,121,24-05-2025,777.96
INV-00240,PAC-SEA-140,NEW-001,3582,204,6014,434,04-05-2025,2178.62
INV-00241,LIG-STE-077,RIO-002,364,560,4076,278,23-02-2025,279.17
INV-00242,BRA-CAL-113,RIO-002,1061,894,6325,221,26-03-2025,158.5
INV-00244,ELE-KNO-162,BER-001,1459,730,3570,205,25-03-2025,2284.58
INV-00245,BRA-BRA-207,BAN-001,4770,459,5180,243,07-03-2025,401.95
INV-00246,PLA-LIG-138,HYD-003,2751,820,4198,248,27-06-2025,324.35
INV-00247,TOO-BEA-069,RIO-002,4314,795,6338,148,03-07-2025,219.03
INV-00248,CAB-GRO-193,SAO-001,3471,160,4135,435,03-05-2025,1826.74
INV-00249,LIG-HAZ-180,RIO-002,1187,355,3599,464,24-04-2025,2468.94
INV-00250,CAB-CLU-213,NEW-001,3317,601,3582,395,07-12-2025,827.02
INV-00251,TOO-BEA-069,OSA-002,3493,484,4851,138,13-07-2025,219.03
INV-00252,QUA-PRE-204,BRA-003,862,512,5111,483,13-04-2025,1855.01
INV-00253,PAC-HON-178,BRA-003,3123,565,6892,349,25-04-2025,1915.24
INV-00254,CAB-DOO-149,BAN-001,863,848,6981,334,13-07-2025,206.63
INV-00255,PAC-GUM-171,NAG-003,3034,970,3259,373,13-05-2025,933.82
INV-00256,ELE-WIR-056,BER-001,1835,606,4099,265,14-04-2025,1672.27
INV-00257,ELE-TOU-087,FRA-003,4834,233,5318,348,29-04-2025,2128.87
INV-00258,ELE-CON-175,SAO-001,496,147,3407,420,29-05-2025,696.94
INV-00259,PLA-MUD-005,DEL-002,1394,551,4869,100,21-05-2025,1161.94
INV-00260,PLA-DOO-052,NAG-003,1180,765,4236,181,04-12-2025,1041.96
INV-00261,LIG-NUM-024,OSA-002,3052,356,3337,290,21-07-2025,1226.44
INV-00262,BRA-DRU-167,HYD-003,524,505,5562,256,30-07-2025,1690.34
INV-00263,ELE-OXY-194,NEW-001,3616,771,3373,460,25-02-2025,2384.45
INV-00264,LIG-DAS-001,NEW-001,4006,179,3543,403,30-03-2025,244.87
INV-00265,ELE-RAD-133,OSA-002,3745,109,3033,456,29-04-2025,2053.17
INV-00266,LIG-SID-210,DEL-002,3559,810,3541,344,19-02-2025,715.28
INV-00267,TOO-THR-059,BER-001,831,848,6301,152,27-02-2025,2101.26
INV-00268,BRA-BRA-081,DAL-003,2551,240,4567,496,03-07-2025,859.67
INV-00270,QUA-COA-157,OSA-002,1444,550,4438,469,27-03-2025,2261.35
INV-00271,CAB-ABS-161,NAG-003,1340,521,5523,451,25-05-2025,447.34
INV-00272,ELE-WIR-056,DEL-002,923,243,6082,163,07-01-2025,1672.27
INV-00274,RAW-GLA-071,OSA-002,790,354,5266,407,07-04-2025,1905.46
INV-00275,BRA-BRA-185,TOK-001,2434,897,6855,453,02-07-2025,561.66
INV-00276,ELE-GPS-218,RIO-002,2571,310,5120,410,06-11-2025,1155.64
INV-00277,LIG-DOO-049,NAG-003,3309,402,5646,127,04-03-2025,221.14
INV-00278,TOO-DRI-127,BER-001,1023,346,5046,426,07-03-2025,783.77
INV-00279,PLA-BUM-019,FRA-003,198,469,6825,262,03-06-2025,540.75
INV-00281,QUA-HAR-045,SAO-001,3958,888,3298,108,07-01-2025,1665.67
INV-00282,CAB-STE-018,BAN-001,2247,320,3163,130,13-05-2025,1151.13
INV-00283,MEC-CHA-130,CHI-002,4204,885,4701,316,30-07-2025,690.83
INV-00284,TOO-PUN-103,DEL-002,4495,650,5523,178,13-04-2025,2029.74
INV-00285,QUA-COL-022,CHI-002,747,623,6772,204,03-12-2025,297.42
INV-00286,PLA-LIG-138,DAL-003,3300,700,5598,490,17-07-2025,324.35
INV-00287,ELE-CON-175,OSA-002,641,417,5861,323,04-03-2025,696.94
INV-00288,TOO-GRI-015,NEW-001,806,544,3475,332,07-07-2025,214.14
INV-00289,RAW-NYL-156,BAN-001,2633,782,6037,436,17-03-2025,1419.16
INV-00290,PLA-GRI-031,BAN-001,1224,818,3046,183,06-08-2025,2315.15
INV-00292,BRA-BRA-043,DAL-003,1139,867,6199,237,03-03-2025,1802.19
INV-00293,CAB-FUE-198,BRA-003,340,443,6305,319,04-11-2025,1505.02
INV-00294,PAC-PAP-135,DEL-002,2254,829,6993,395,07-11-2025,2332.8
INV-00295,PLA-SID-020,MUN-002,3828,623,4475,128,06-08-2025,930.12
INV-00296,QUA-WEI-220,TOK-001,1467,476,3644,230,27-02-2025,995.46
INV-00297,QUA-MIC-147,OSA-002,1044,333,6034,360,02-01-2025,740.49
INV-00298,ELE-SEN-012,RIO-002,200,350,3188,341,05-05-2025,134.85
INV-00299,TOO-DEB-099,BRA-003,1329,283,6814,118,22-06-2025,1598.3
INV-00300,TOO-DIA-206,BRA-003,3535,329,4318,227,18-05-2025,1806.77
INV-00301,BRA-BRA-185,DAL-003,2322,945,3319,392,05-07-2025,561.66
INV-00302,PLA-GRI-031,FRA-003,531,283,3914,364,02-12-2025,2315.15
INV-00304,CAB-IGN-084,DEL-002,4630,567,3032,288,24-03-2025,1094.58
INV-00305,RAW-SHE-075,TOK-001,2589,857,5550,224,30-05-2025,1189.17
INV-00306,PAC-PLA-095,TOK-001,4141,891,6178,200,20-06-2025,1859.77
INV-00307,QUA-CAL-195,SAO-001,2108,254,3026,309,02-07-2025,2081.11
INV-00309,QUA-THI-086,BAN-001,3182,969,6023,472,20-04-2025,1428.93
INV-00310,ELE-STE-027,NEW-001,4440,343,4719,351,16-02-2025,34.08
INV-00311,BRA-BRA-037,NAG-003,2392,195,3179,218,14-06-2025,1607.29
INV-00312,LIG-REV-106,NAG-003,3151,569,6991,482,22-02-2025,1556.36
INV-00313,CAB-DOO-149,DEL-002,4240,236,5610,301,20-02-2025,206.63
INV-00314,MEC-SHA-152,TOK-001,610,545,5713,166,04-02-2025,403.36
INV-00315,RAW-SHE-075,CHI-002,2680,920,4609,458,25-04-2025,1189.17
INV-00316,LIG-HAL-082,MUN-002,2327,339,3305,203,03-07-2025,2402.36
INV-00317,QUA-TEM-200,SAO-001,4889,211,3636,154,15-03-2025,1908.89
INV-00318,QUA-GO/-116,MUN-002,2672,516,3494,374,05-03-2025,812.58
INV-00319,CAB-FUE-198,NEW-001,3802,415,4897,235,03-03-2025,1505.02
INV-00320,LIG-NUM-024,HYD-003,2592,946,5886,456,07-05-2025,1226.44
INV-00321,CAB-SPE-011,NEW-001,2785,251,3373,464,04-05-2025,748.8
INV-00322,TOO-TOR-092,BER-001,4306,150,5773,253,04-08-2025,1663.26
INV-00323,LIG-SID-210,HYD-003,354,514,6500,331,23-06-2025,715.28
INV-00324,PAC-STR-192,FRA-003,2146,196,4892,152,03-08-2025,2221.35
INV-00325,BRA-BRA-032,BAN-001,605,950,6198,213,03-06-2025,71.72
INV-00326,PLA-CUP-051,RIO-002,3381,481,5811,422,16-07-2025,376.91
INV-00327,QUA-COL-022,TOK-001,4901,365,6757,138,02-06-2025,297.42
INV-00328,PLA-PIL-017,NEW-001,3732,928,3527,147,26-04-2025,1682.51
INV-00330,TOO-SPA-211,NAG-003,3335,608,3120,295,25-07-2025,777.96
INV-00331,LIG-SIG-110,HYD-003,2999,319,6720,195,04-12-2025,1760.44
INV-00332,RAW-COP-072,MUN-002,1317,135,5515,417,07-08-2025,1181.06
INV-00333,MEC-LOC-063,OSA-002,2517,610,4687,381,06-03-2025,1024.92
INV-00334,BRA-BRA-016,DEL-002,2391,492,3562,314,24-03-2025,1677.62
INV-00335,BRA-BRA-165,BRA-003,4407,355,5583,378,02-05-2025,1978.8
INV-00336,PLA-WHE-098,SAO-001,3041,591,5230,500,06-05-2025,1340
INV-00337,CAB-THR-089,BRA-003,4733,614,4317,298,04-11-2025,2370.68
INV-00338,MEC-RET-047,BAN-001,2712,711,3897,115,13-04-2025,1966.54
INV-00339,TOO-GRI-015,SAO-001,3964,642,4464,492,30-06-2025,214.14
INV-00340,CAB-CHO-060,HYD-003,920,353,5690,223,04-10-2025,1105.28
INV-00341,PAC-CLO-137,RIO-002,558,882,6882,212,28-06-2025,2284.44
INV-00342,PLA-GEA-217,SAO-001,3281,463,6830,188,18-03-2025,730.89
INV-00343,ELE-TRA-061,TOK-001,2705,925,6023,457,05-03-2025,806.08
INV-00344,MEC-SHA-152,BAN-001,2980,681,5308,172,25-06-2025,403.36
INV-00345,LIG-DOO-049,RIO-002,4132,655,4265,189,06-06-2025,221.14
INV-00346,PLA-SWI-010,DEL-002,560,338,5464,212,02-06-2025,1744.51
INV-00348,BRA-BRA-207,HYD-003,2891,834,3726,265,16-02-2025,401.95
INV-00349,RAW-MIL-006,HYD-003,4905,821,6756,172,03-01-2025,2154.76
INV-00350,PLA-GEA-217,FRA-003,3089,174,4530,460,20-07-2025,730.89
INV-00351,MEC-HIN-102,TOK-001,927,444,4236,265,03-07-2025,1234.45
INV-00352,MEC-LEV-041,NAG-003,3678,910,5618,349,17-07-2025,1774.88
INV-00353,LIG-HAL-082,HYD-003,4703,810,6643,414,05-03-2025,2402.36
INV-00354,ELE-ELE-058,OSA-002,4924,934,3718,293,20-04-2025,406.3
INV-00355,BRA-CAL-188,NAG-003,2512,230,3727,473,02-01-2025,812.06
INV-00356,LIG-HAZ-180,TOK-001,3307,971,6157,390,02-09-2025,2468.94
INV-00357,MEC-RET-047,TOK-001,2706,928,6963,413,29-03-2025,1966.54
INV-00358,BRA-BRA-164,TOK-001,952,608,3576,269,20-02-2025,360.48
INV-00359,ELE-TRA-061,DAL-003,2717,271,5605,145,08-01-2025,806.08
INV-00360,LIG-HEA-172,OSA-002,2850,557,3046,235,26-03-2025,1640.76
INV-00361,MEC-BOL-064,NAG-003,655,458,4051,155,02-01-2025,2083.9
INV-00362,CAB-WIN-013,BER-001,3689,850,4718,185,17-05-2025,209.48
INV-00363,TOO-DRI-127,BRA-003,3202,459,5236,292,26-02-2025,783.77
INV-00364,CAB-CLU-213,MUN-002,4835,766,6105,451,30-03-2025,827.02
INV-00365,LIG-IND-042,MUN-002,703,918,6464,117,17-04-2025,184.23
INV-00366,RAW-MIL-006,DAL-003,2239,207,3303,275,16-03-2025,2154.76
INV-00367,LIG-HIG-097,HYD-003,714,660,6857,147,28-04-2025,747.65
INV-00368,ELE-MAP-153,TOK-001,4054,821,3126,320,18-07-2025,1728.88
INV-00369,BRA-BRA-043,TOK-001,3656,260,3219,151,26-04-2025,1802.19
INV-00370,RAW-ALU-053,NEW-001,3452,813,5269,469,19-06-2025,1005.14
INV-00372,PLA-STO-101,TOK-001,4602,960,5010,178,14-02-2025,638.67
INV-00373,LIG-LED-093,BAN-001,3602,189,4206,438,07-11-2025,1380.47
INV-00374,RAW-RUB-154,MUN-002,1735,199,3105,205,16-03-2025,2134.81
INV-00375,BRA-BRA-164,CHI-002,771,584,6456,159,20-04-2025,360.48
INV-00376,QUA-DIA-201,BER-001,3957,600,6665,438,04-09-2025,2323.42
INV-00378,PAC-PLA-095,HYD-003,3751,145,4078,325,31-05-2025,1859.77
INV-00379,LIG-GLO-068,NEW-001,2300,677,3252,177,29-07-2025,2299.66
INV-00380,PAC-GUM-171,DEL-002,802,784,4408,377,17-05-2025,933.82
INV-00381,ELE-OXY-194,TOK-001,1963,666,3249,298,14-06-2025,2384.45
INV-00382,RAW-CER-108,FRA-003,3989,686,6611,220,06-02-2025,1384.46
INV-00383,LIG-STE-077,DEL-002,3334,974,5925,117,06-09-2025,279.17
INV-00384,QUA-MIC-147,BRA-003,4333,919,5340,446,07-09-2025,740.49
INV-00385,BRA-BRA-038,DEL-002,3778,277,6887,185,27-03-2025,2193.83
INV-00386,BRA-BRA-207,NEW-001,1133,143,4734,140,25-07-2025,401.95
INV-00387,MEC-LAT-112,NEW-001,1311,954,5437,232,23-04-2025,1365.96
INV-00388,CAB-AC-187,BRA-003,648,189,4589,384,13-05-2025,1718.38
INV-00389,ELE-ABS-142,DAL-003,2362,632,4876,106,30-07-2025,2132.33
INV-00390,RAW-RUB-160,TOK-001,4380,900,4718,157,18-05-2025,918.5
INV-00392,LIG-INS-028,TOK-001,927,904,4171,374,30-04-2025,929.35
INV-00393,LIG-REV-106,CHI-002,3237,770,4988,392,07-06-2025,1556.36
INV-00394,QUA-MEA-122,BAN-001,1510,382,4650,173,07-09-2025,1142.52
INV-00395,RAW-NYL-156,OSA-002,3390,139,4621,269,27-07-2025,1419.16
INV-00396,ELE-TRA-061,BAN-001,3992,375,6674,290,02-06-2025,806.08
INV-00397,ELE-TOU-087,RIO-002,2582,418,4148,351,29-07-2025,2128.87
INV-00398,ELE-IGN-176,DEL-002,1967,237,4230,480,25-05-2025,538.14
INV-00399,BRA-BRA-199,RIO-002,2728,375,5985,313,07-05-2025,1210.65
INV-00401,QUA-CAL-195,FRA-003,3163,940,3230,363,13-03-2025,2081.11
INV-00402,PLA-PIL-017,CHI-002,4251,513,3555,499,15-06-2025,1682.51
INV-00403,BRA-BRA-146,BAN-001,1523,297,6584,202,15-02-2025,1738.06
INV-00405,PLA-CUP-051,CHI-002,3117,943,4901,358,13-05-2025,376.91
INV-00406,ELE-ECU-163,BRA-003,1114,797,3125,223,05-07-2025,744.9
INV-00407,ELE-SPE-126,TOK-001,3754,281,6934,342,07-01-2025,2203.31
INV-00409,LIG-NUM-024,CHI-002,324,495,3203,183,27-06-2025,1226.44
INV-00410,QUA-TEM-200,NEW-001,1913,762,3922,446,25-03-2025,1908.89
INV-00412,PAC-PAC-003,MUN-002,1183,762,3709,407,02-03-2025,1823.25
INV-00413,ELE-ELE-058,CHI-002,2602,829,6960,463,15-07-2025,406.3
INV-00414,RAW-GLA-071,BER-001,3184,972,4428,335,04-06-2025,1905.46
INV-00415,ELE-WIR-056,MUN-002,2575,793,5132,419,13-05-2025,1672.27
INV-00416,BRA-BRA-150,DEL-002,160,623,5713,291,24-06-2025,366.36
INV-00417,LIG-ROO-166,TOK-001,2415,405,5803,155,06-04-2025,1685.34
INV-00418,PLA-PIL-017,DAL-003,2364,755,4331,241,04-08-2025,1682.51
INV-00419,RAW-PVC-168,NAG-003,2547,292,3614,364,04-03-2025,167.41
INV-00421,BRA-BRA-185,BAN-001,4174,402,4062,314,15-05-2025,561.66
INV-00422,QUA-TES-100,NAG-003,389,697,5900,392,21-03-2025,718
INV-00423,LIG-DAY-088,NAG-003,1921,802,5189,426,06-02-2025,857.44
INV-00424,LIG-HEA-172,DAL-003,4255,407,6462,187,19-07-2025,1640.76
INV-00425,CAB-BON-143,HYD-003,2506,199,4928,165,04-08-2025,2182.23
INV-00426,MEC-BEA-186,SAO-001,4679,881,6738,193,25-07-2025,2410.43
INV-00427,QUA-THI-086,OSA-002,831,327,4455,214,20-04-2025,1428.93
INV-00428,RAW-CER-108,SAO-001,2814,480,4067,399,17-04-2025,1384.46
INV-00429,CAB-HEA-119,RIO-002,1064,581,3219,424,30-06-2025,1111.15
INV-00430,CAB-DOO-149,TOK-001,683,583,6643,199,06-09-2025,206.63
INV-00431,PLA-GRI-031,RIO-002,3226,642,4222,311,14-02-2025,2315.15
INV-00432,PLA-DOO-219,HYD-003,1225,305,4403,309,26-06-2025,2112.77
INV-00433,MEC-BUS-118,HYD-003,2691,983,5931,192,21-02-2025,110.18
INV-00434,MEC-SPA-125,DAL-003,1548,420,5598,129,02-02-2025,138.51
INV-00435,QUA-GO/-116,CHI-002,1815,879,6168,186,28-06-2025,812.58
INV-00436,BRA-BRA-196,HYD-003,4110,904,6127,499,23-02-2025,1395.36
INV-00437,RAW-LEA-034,TOK-001,3652,748,4758,306,21-05-2025,2147.9
INV-00438,PAC-SIL-123,BER-001,138,138,5186,202,05-07-2025,1016.4
INV-00439,PLA-SPO-004,BRA-003,2739,875,6412,371,21-03-2025,483.62
INV-00440,PLA-MUD-005,OSA-002,133,741,6004,227,30-03-2025,1161.94
INV-00442,PAC-WOO-129,TOK-001,2607,271,3267,123,18-04-2025,2082.04
INV-00443,RAW-SHE-075,MUN-002,4362,710,5146,272,23-05-2025,1189.17
INV-00444,ELE-IGN-176,HYD-003,2907,601,4471,484,21-03-2025,538.14
INV-00445,BRA-BRA-043,BRA-003,3404,119,3935,214,03-06-2025,1802.19
INV-00446,CAB-ACC-055,NAG-003,279,703,5066,186,03-04-2025,630.5
INV-00447,PLA-INS-094,NAG-003,406,484,6590,427,04-07-2025,636
INV-00448,CAB-FUE-198,FRA-003,498,708,3196,438,28-02-2025,1505.02
INV-00449,RAW-PVC-168,RIO-002,261,149,5825,159,18-05-2025,167.41
INV-00450,TOO-RIV-114,BER-001,1112,660,4035,342,30-07-2025,1177.06
INV-00452,TOO-SCR-170,FRA-003,2311,737,5480,458,03-08-2025,252.01
INV-00453,RAW-CER-108,RIO-002,959,623,5944,416,03-03-2025,1384.46
INV-00454,TOO-TES-073,DEL-002,970,609,3813,411,24-03-2025,1628.86
INV-00455,QUA-TEM-200,CHI-002,4385,306,4466,460,16-05-2025,1908.89
INV-00456,QUA-THE-076,HYD-003,422,661,5033,206,27-07-2025,648.05
INV-00457,PAC-LAB-124,DAL-003,2021,102,3052,443,23-02-2025,144.97
INV-00458,RAW-FIB-029,RIO-002,4803,785,5023,176,24-02-2025,777.56
INV-00459,QUA-TEM-200,FRA-003,714,840,5963,151,04-07-2025,1908.89
INV-00460,BRA-BRA-165,NEW-001,3841,403,4081,337,13-02-2025,1978.8
INV-00461,TOO-HAM-026,RIO-002,1531,995,3161,248,05-04-2025,1596.41
INV-00462,TOO-DIA-206,OSA-002,2661,536,6025,159,25-02-2025,1806.77
INV-00463,ELE-GPS-218,SAO-001,475,109,6489,170,20-07-2025,1155.64
INV-00464,LIG-ROO-166,HYD-003,2792,466,6663,324,07-10-2025,1685.34
INV-00465,TOO-BEA-069,BRA-003,861,481,6338,275,19-03-2025,219.03
INV-00466,TOO-VER-030,BER-001,3378,567,4113,297,27-07-2025,1708.35
INV-00467,ELE-GPS-218,MUN-002,3554,764,6629,185,03-01-2025,1155.64
INV-00468,RAW-LEA-034,NAG-003,580,964,3652,153,18-05-2025,2147.9
INV-00469,MEC-SHA-152,MUN-002,4760,794,4794,192,07-07-2025,403.36
INV-00471,PAC-LAB-124,BRA-003,4098,215,6635,310,24-05-2025,144.97
INV-00472,ELE-SEN-012,DEL-002,2243,770,4287,106,31-07-2025,134.85
INV-00473,PAC-THE-174,FRA-003,4823,841,5314,214,22-07-2025,257.39
INV-00475,TOO-HYD-111,OSA-002,2136,593,4416,439,24-07-2025,1478.58
INV-00476,BRA-BRA-165,BER-001,1317,959,6385,385,07-07-2025,1978.8
INV-00477,BRA-ABS-014,BAN-001,1385,617,6476,340,06-07-2025,308.52
INV-00478,BRA-BRA-043,DEL-002,4127,428,3986,269,13-04-2025,1802.19
INV-00479,CAB-WIN-013,FRA-003,1924,663,5635,293,15-05-2025,209.48
INV-00480,LIG-SID-210,NEW-001,745,570,4819,393,26-05-2025,715.28
INV-00481,ELE-PAR-023,RIO-002,4183,557,4294,160,06-08-2025,1516.03
INV-00482,PLA-AIR-191,OSA-002,245,205,4652,311,02-10-2025,1757.43
INV-00483,CAB-BON-143,FRA-003,101,945,3372,409,07-09-2025,2182.23
INV-00485,QUA-FEE-117,DAL-003,3076,945,3222,214,28-05-2025,2091.54
INV-00486,TOO-CAB-085,FRA-003,3975,833,5691,286,27-05-2025,2078.52
INV-00487,TOO-VER-030,DEL-002,1916,102,4398,281,13-07-2025,1708.35
INV-00488,LIG-XEN-205,CHI-002,4586,634,4531,459,28-02-2025,946.72
INV-00489,ELE-SEN-012,BRA-003,1444,604,3575,467,16-05-2025,134.85
INV-00490,LIG-INS-028,CHI-002,1704,292,3494,301,28-03-2025,929.35
INV-00491,MEC-BUS-118,RIO-002,1661,833,4384,155,18-05-2025,110.18
INV-00493,PLA-SEA-169,TOK-001,4230,237,6947,355,02-02-2025,358.04
INV-00494,LIG-PRO-136,NAG-003,497,666,6831,321,30-06-2025,2141.47
INV-00496,CAB-DOO-149,HYD-003,1151,206,4586,436,07-04-2025,206.63
INV-00497,RAW-NYL-156,BRA-003,2736,616,6610,296,19-05-2025,1419.16
INV-00499,QUA-GO/-116,SAO-001,1192,241,4690,408,30-07-2025,812.58
